X,Y,ObjectId,SLAS_Number,NCS_Number,Address,City,County,Date_Orig_Permitted,Date_Permit_Issued,Date_Permit_Expires,Acres,Gallons,Capacity,Domestic_Septage,Grease,Portable_Toilet,Other_Waste,Status,Latitude,Longitude
-8634957.1661,4224737.7797,1,SLAS-40-03,NCS-00739,3434 Hwy 55 W,Kinston,Greene,1999/02/05 05:00:00+00,2017/02/16 05:00:00+00,2021/01/01 05:00:00+00,12.4,620000,,Y,N,Y,N,Active,35.44659,-77.56914
-8645943.2866,4193122.3181,2,SDTF-54-02,NCS-00739,3431 Hwy 55 W,Kinston,Lenoir,2015/01/12 05:00:00+00,2017/03/13 03:59:59+00,2022/02/24 05:00:00+00,,,4000,Y,N,Y,N,Active,35.21489,-77.66783
-8732428.5122,4332480.947,3,SLAS-91-04,NCS-00758,712 N. Chavis Road,Kittrell,Vance,1998/08/21 03:59:59+00,2020/01/30 05:00:00+00,2025/01/30 05:00:00+00,8.8,440000,,Y,N,N,N,Active,36.2312,-78.44474
-8876041.7873,4323740.5413,4,SDTF-41-03,NCS-00790,6106 Corporate Park Drive,Browns Summit,Guilford,2002/03/19 05:00:00+00,2018/12/19 05:00:00+00,2023/08/31 03:59:59+00,,,4825,Y,Y,N,Y,Active,36.16784,-79.73484
-8799271.4137,4139867.051,5,SLAS-78-18,NCS-00794,1234 W McDuffie Creek Rd,St Pauls,Robeson,1999/08/19 03:59:59+00,2018/11/19 05:00:00+00,2023/08/15 03:59:59+00,12,600000,,Y,Y,N,Y,Active,34.8231,-79.0452
-8796033.1297,4132042.7572,6,SDTF-78-18,NCS-00794,1234 W McDuffie Cr Rd,St Pauls,Robeson,1999/08/19 03:59:59+00,2019/05/30 03:59:59+00,2024/05/29 03:59:59+00,,,6000,Y,Y,N,Y,Active,34.76538,-79.01611
-9064057.0676,4236551.7018,7,SLAS-55-01,NCS-00805,PO Box 84,Vale,Lincoln,2010/03/02 05:00:00+00,2016/06/14 03:59:59+00,2021/06/14 03:59:59+00,8.61,430500,,Y,Y,Y,N,Active,35.533,-81.42381
-9064053.7281,4236797.9318,8,SDTF-55-01,NCS-00805,P.O. Box 84,Vale,Lincoln,2004/04/06 03:59:59+00,2019/08/19 03:59:59+00,2024/08/19 03:59:59+00,,,24000,Y,Y,Y,N,Active,35.5348,-81.42378
-8657601.7769,4162069.7978,9,SLAS-31-10,NCS-00810,4025 Richlands Hwy,Jacksonville,Duplin,2000/03/16 05:00:00+00,2015/04/16 03:59:59+00,2020/04/16 03:59:59+00,13,650000,,Y,N,N,N,Active,34.98667,-77.77256
-8657545.0039,4161734.1944,10,SDTF-31-10,NCS-00810,4025 Richlands Hwy,Jacksonville,Duplin,2000/03/24 05:00:00+00,2017/08/30 03:59:59+00,2022/08/30 03:59:59+00,,,15000,Y,N,N,N,Active,34.9842,-77.77205
-8677855.245,4223154.1674,11,SLAS-96-09,NCS-00825,179 Combs Rd,Goldsboro,Wayne,2003/09/29 03:59:59+00,2016/06/14 03:59:59+00,2021/06/14 03:59:59+00,5.1,255000,,N,N,Y,N,Active,35.435,-77.9545
-8680004.8244,4225300.7753,12,SDTF-96-02,NCS-00825,PO Box 1611,Goldsboro,Wayne,1996/05/28 03:59:59+00,2016/06/14 03:59:59+00,2021/06/14 03:59:59+00,,,3300,N,N,Y,N,Active,35.45071,-77.97381
-8580246.9759,4251361.3274,13,SLAS-07-06,NCS-00826,1774 Wharton Station Rd,Washington,Beaufort,2000/09/05 03:59:59+00,2016/04/11 03:59:59+00,2021/04/11 03:59:59+00,8,400000,,Y,Y,Y,N,Active,35.64119,-77.07767
-8580212.4669,4252025.6904,14,SDTF-07-06,NCS-00826,1774 Wharton Station Rd.,Washington,Beaufort,2000/09/06 03:59:59+00,2016/04/11 03:59:59+00,2021/04/11 03:59:59+00,,,44000,Y,Y,N,N,Active,35.64604,-77.07736
-8639523.4916,4274474.7438,15,SLAS-33-04,NCS-00831,PO Box 388,Farmville,Edgecombe,2001/11/19 05:00:00+00,2012/02/07 05:00:00+00,2015/02/07 05:00:00+00,2.1,105000,,Y,N,Y,N,Active,35.80975,-77.61016
-8724881.0507,4300467.2629,16,SLAS-35-05,NCS-00858,2810 Bedford Green Drive #308,Raleigh,Franklin,2008/05/23 03:59:59+00,2019/07/31 03:59:59+00,2021/04/01 03:59:59+00,5.1,255000,,Y,Y,N,N,Active,35.99888,-78.37694
-8725004.6154,4300582.8445,17,SDTF-35-05,NCS-00858,2810 Bedford Green Drive #308,Raleigh,Franklin,2008/05/23 03:59:59+00,2019/07/31 03:59:59+00,2021/04/01 03:59:59+00,,,6000,Y,Y,N,N,Active,35.99972,-78.37805
-9050743.2565,4218208.0424,18,SLAS-36-10,NCS-00868,P.O. Box 86,Cherryville,Gaston,2004/09/27 03:59:59+00,2019/10/31 03:59:59+00,2022/10/28 03:59:59+00,26.7,1335000,,Y,Y,N,N,Active,35.39879,-81.30421
-9050967.0087,4218373.2872,19,SDTF-36-10,NCS-00868,P.O. Box 86,Cherryville,Gaston,2004/04/19 03:59:59+00,2020/01/30 05:00:00+00,2022/12/01 05:00:00+00,,,64000,Y,Y,N,N,Active,35.4,-81.30622
-8779019.0587,4168271.4518,20,SDTF-26-02,NCS-00875,1309 Industrial Drive,Fayetteville,Cumberland,2002/06/10 03:59:59+00,2018/10/31 03:59:59+00,2023/10/31 03:59:59+00,,,1000,N,Y,N,N,Active,35.0323,-78.86327
-8914816.5923,4168706.4994,21,SDTF-04-07,NCS-00875,656 Little Duncan Road,Wadesboro,Anson,2002/06/10 03:59:59+00,2018/09/07 03:59:59+00,2023/09/07 03:59:59+00,,,17000,N,Y,N,N,Active,35.0355,-80.08316
-9038485.8674,4186722.9189,22,SDTF-36-07,NCS-00876,5533 South York Road,Gastonia,Gaston,2002/06/10 03:59:59+00,2018/12/19 05:00:00+00,2021/08/31 03:59:59+00,,,263000,N,Y,N,N,Active,35.16791,-81.1941
-8863216.6687,4182970.5434,23,SDTF-77-05,NCS-00880,1059 Sycamore Lane,Jackson Springs,Richmond,2008/04/04 03:59:59+00,2019/05/30 03:59:59+00,2024/05/30 03:59:59+00,,,2400,Y,N,N,N,Active,35.14035,-79.61963
-9039291.8205,4219071.1662,24,SDTF-36-12,NCS-00883,1158 Miles Road,Dallas,Gaston,2012/06/28 03:59:59+00,2018/09/07 03:59:59+00,2023/09/07 03:59:59+00,,,15000,Y,Y,N,Y,Active,35.40511,-81.20134
-8871203.8422,4312845.627,25,SDTF-41-04,NCS-00895,4712 Old Burlington Road,Greensboro,Guilford,2004/12/08 05:00:00+00,2019/04/05 03:59:59+00,2023/08/31 03:59:59+00,,,0,Y,Y,Y,Y,Active,36.08879,-79.69138
-8600790.988,4207170.9371,26,SLAS-25-08,NCS-00912,2115 Hwy 55 West,New Bern,Craven,2003/09/15 03:59:59+00,2019/08/29 03:59:59+00,2023/12/01 05:00:00+00,13.2,2613600,,Y,Y,Y,Y,Active,35.31793,-77.26222
-8592168.1802,4197769.5828,27,SLAS-25-09,NCS-00912,2115 Hwy 55 West,New Bern,Craven,2005/02/08 05:00:00+00,2020/02/02 05:00:00+00,2024/10/23 03:59:59+00,4.3,851400,,Y,Y,Y,Y,Active,35.24899,-77.18476
-8600743.1206,4206273.2762,28,SLAS-25-11,NCS-00912,2115 Hwy 55 West,New Bern,Craven,2006/08/01 03:59:59+00,2020/02/26 05:00:00+00,2022/06/30 03:59:59+00,6.7,1326600,,Y,Y,Y,Y,Active,35.31135,-77.26179
-8616977.9551,4209124.7617,29,SLAS-25-13,NCS-00912,2115 Hwy 55 West,New Bern,Craven,2016/09/30 03:59:59+00,2020/02/26 05:00:00+00,2025/01/01 05:00:00+00,30.3,5999400,,Y,Y,Y,Y,Active,35.33225,-77.40763
-8589531.0215,4186121.0373,30,SDTF-25-08,NCS-00912,2115 Hwy 55 West,New Bern,Craven,2003/09/15 03:59:59+00,2016/09/30 03:59:59+00,2021/09/30 03:59:59+00,,,145000,Y,Y,Y,Y,Active,35.16349,-77.16107
-8479558.4965,4351809.1892,31,SLAS-15-02,NCS-00914,134 Belcross Rd,Camden,Camden,2003/07/25 03:59:59+00,2015/12/16 05:00:00+00,2019/04/01 03:59:59+00,10.1,505000,,Y,Y,Y,Y,Active,36.37113,-76.17317
-8479546.2514,4352092.6095,32,SDTF-15-02,NCS-00914,134 Belcross Rd,Camden,Camden,2003/07/25 03:59:59+00,2013/11/26 05:00:00+00,2018/07/16 03:59:59+00,,,64250,Y,Y,Y,Y,Active,36.37318,-76.17306
-9054102.8788,4274257.8624,33,SDTF-02-06,NCS-00927,5803 Icard Ridge Road,Hickory,Alexander,2000/09/13 03:59:59+00,2020/06/04 03:59:59+00,2025/06/04 03:59:59+00,,,325,Y,N,Y,N,Active,35.80817,-81.33439
-9071334.0228,4250813.4295,34,SLAS-12-03,NCS-00928,7204 Old Laurel Rd,Vale,Burke,1998/08/25 03:59:59+00,2018/03/08 05:00:00+00,2023/03/08 05:00:00+00,63.5,2197100,,Y,Y,Y,N,Active,35.63719,-81.48918
-9071489.87,4251109.291,35,SDTF-12-03,NCS-00928,7204 Old Laurel Rd,Vale,Burke,1996/09/18 03:59:59+00,2018/03/08 05:00:00+00,2023/03/08 05:00:00+00,,,120000,Y,Y,Y,N,Active,35.63935,-81.49058
-8536757.7905,4125992.579,36,SDTF-16-09,NCS-00933,156 Radio Island Rd.,Beaufort,Carteret,2001/09/25 03:59:59+00,2017/08/30 03:59:59+00,2022/08/30 03:59:59+00,,,2000,N,N,Y,N,Active,34.72072,-76.687
-8930704.11,4310796.0456,37,SDTF-34-02,NCS-00934,P.O. Box 208,Lewisville,Forsyth,2001/11/27 05:00:00+00,2017/09/22 03:59:59+00,2022/03/01 05:00:00+00,,,16125,N,Y,N,N,Active,36.07391,-80.22588
-8920566.244,4273627.8328,38,SDTF-29-03,NCS-00942,280 Cunningham Brickyard Road,Lexington,Davidson,2017/03/09 05:00:00+00,2018/06/22 03:59:59+00,2023/06/22 03:59:59+00,,,20000,N,Y,N,N,Active,35.80358,-80.13481
-8669374.9262,4245548.1585,39,SLAS-98-08,NCS-00953,441 Buck Newsome Rd,Fremont,Wilson,2004/04/28 03:59:59+00,2011/05/12 03:59:59+00,2016/05/11 03:59:59+00,29.2,5781600,,Y,Y,Y,Y,Active,35.59874,-77.87832
-8669020.9303,4245539.9442,40,SDTF-98-08,NCS-00953,441 Buck Newsome Rd,Fremont,Wilson,2004/04/28 03:59:59+00,2013/09/30 03:59:59+00,2018/06/11 03:59:59+00,,,110000,Y,Y,Y,Y,Active,35.59868,-77.87514
-9369331.8468,4184551.1243,41,SDTF-20-01,NCS-00955,200 Dean Aldrich Road,Murphy,Cherokee,2003/08/06 03:59:59+00,2017/12/20 05:00:00+00,2022/12/20 05:00:00+00,,,2000,N,N,Y,N,Active,35.15196,-84.16614
-8426824.2273,4192465.5895,42,SDTF-28-02,NCS-00983,PO Box 520,Hatteras,Dare,2003/08/13 03:59:59+00,2017/08/30 03:59:59+00,2022/08/30 03:59:59+00,,,1200,N,N,Y,N,Active,35.21007,-75.69945
-8761763.4244,4061257.0036,43,SLAS-24-07,NCS-00984,5454 James B White Hwy S,Whiteville,Columbus,2008/04/28 03:59:59+00,2016/05/04 03:59:59+00,2020/05/04 03:59:59+00,8.8,440000,,Y,Y,Y,N,Active,34.24136,-78.70826
-8761928.1773,4061236.8048,44,SDTF-24-07,NCS-00984,5454 James B White Hwy S,Whiteville,Columbus,2008/04/28 03:59:59+00,2017/07/14 03:59:59+00,2020/05/04 03:59:59+00,,,8000,Y,Y,Y,N,Active,34.24121,-78.70974
-8773997.4365,4230455.1652,45,SDTF-43-08,NCS-00986,116 West Academy Street,Fuquay Varina,Harnett,2019/02/26 05:00:00+00,2020/03/30 03:59:59+00,2025/03/30 03:59:59+00,,,9000,Y,N,Y,N,Active,35.48842,-78.81816
-8743639.4981,4174724.1388,46,SDTF-82-21,NCS-00999,9389 Dunn Rd,Salemburg,Sampson,2005/06/28 03:59:59+00,2018/05/02 03:59:59+00,2023/05/02 03:59:59+00,,,10000,Y,N,N,N,Active,35.07975,-78.54545
-8600071.864,4203903.9658,47,SLAS-25-10,NCS-01000,9900 US Hwy 17 North,Vanceboro,Craven,2006/05/22 03:59:59+00,2012/02/20 05:00:00+00,2017/02/02 05:00:00+00,28,356500,,Y,Y,Y,N,Active,35.29398,-77.25576
-8600153.1273,4204013.0766,48,SDTF-25-10,NCS-01000,9900 US Hwy 17 North,Vanceboro,Craven,2006/05/22 03:59:59+00,2012/02/20 05:00:00+00,2017/02/07 05:00:00+00,,,12000,Y,Y,Y,N,Active,35.29478,-77.25649
-8710277.0467,4018412.4846,49,SDTF-10-19,NCS-01002,PO Box 6896,Ocean Isle Beach,Brunswick,2003/08/22 03:59:59+00,2018/09/21 03:59:59+00,2023/09/21 03:59:59+00,,,1000,N,N,Y,N,Active,33.92259,-78.24575
-8537374.5004,4143670.0205,50,SDTF-16-10,NCS-01012,729 Sea Gate Dr,Newport,Carteret,2005/12/16 05:00:00+00,2019/03/22 03:59:59+00,2024/03/15 03:59:59+00,,,1000,N,N,Y,N,Active,34.85114,-76.69254
-8754852.7104,4314445.0658,51,SDTF-39-02,NCS-01016,2622 Chloe Lane,Creedmoor,Granville,2011/04/26 03:59:59+00,2020/06/04 03:59:59+00,2025/06/04 03:59:59+00,,,1000,Y,N,Y,N,Active,36.1004,-78.64618
-8677043.726,4152463.5853,52,SLAS-31-14,NCS-01046,278 Graham Dobson Rd.,Magnolia,Duplin,2007/07/20 03:59:59+00,2011/06/14 03:59:59+00,2016/06/13 03:59:59+00,4.16,208000,,Y,Y,N,Y,Active,34.91594,-77.94721
-8674707.1298,4143150.4943,53,SLAS-31-16,NCS-01046,278 Graham Dobson Rd.,Magnolia,Duplin,2010/03/03 05:00:00+00,2014/07/23 03:59:59+00,2017/07/23 03:59:59+00,6.5,325000,,Y,Y,Y,Y,Active,34.84731,-77.92622
-8677068.2162,4152585.767,54,SDTF-31-14,NCS-01046,278 Graham Dobson Rd,Magnolia,Duplin,2007/03/30 03:59:59+00,2019/02/21 05:00:00+00,2021/08/17 03:59:59+00,,,20000,Y,Y,Y,N,Active,34.91684,-77.94743
-8674615.8479,4143249.5144,55,SDTF-31-16,NCS-01046,278 Graham Dobson Rd,Magnolia,Duplin,2010/03/03 05:00:00+00,2014/07/23 03:59:59+00,2019/06/01 03:59:59+00,,,20000,Y,Y,Y,Y,Active,34.84804,-77.9254
-9033124.7207,4261343.3513,56,SDTF-18-06,NCS-01048,4837 Gateway Drive,Claremont,Catawba,2018/07/05 03:59:59+00,2019/07/31 03:59:59+00,2024/07/31 03:59:59+00,,,4650,-,,Y,,Active,35.71403,-81.14594
-8581343.4729,4271426.4464,57,SLAS-59-06,NCS-01058,PO Box 1596,Willimaston,Martin,2007/03/09 05:00:00+00,2012/10/12 03:59:59+00,2015/10/12 03:59:59+00,9.9,495000,,Y,Y,Y,Y,Active,35.78754,-77.08752
-8581203.2104,4271615.825,58,SDTF-59-06,NCS-01058,PO Box 1596,Williamston,Martin,2007/05/17 03:59:59+00,2014/07/30 03:59:59+00,2018/07/15 03:59:59+00,,,26000,Y,Y,Y,Y,Active,35.78892,-77.08626
-8921593.7229,4366502.9736,59,SDTF-85-07,NCS-01062,1715 Steele Road,Sandy Ridge,Stokes,2009/03/31 03:59:59+00,2018/08/15 03:59:59+00,2021/06/14 03:59:59+00,,,16000,Y,N,Y,N,Active,36.47734,-80.14404
-8556783.0537,4221731.98,60,SDTF-07-08,NCS-01078,212 Eagle Nest Trail #68,Blounts Creek,Beaufort,2008/09/10 03:59:59+00,2019/04/25 03:59:59+00,2024/04/25 03:59:59+00,,,1000,N,N,Y,N,Active,35.42459,-76.86689
-9064940.9444,4223023.007,61,SDTF-55-04,NCS-01083,3661 Eaker Road,Cherryville,Lincoln,2018/04/04 03:59:59+00,2019/02/01 05:00:00+00,2024/02/01 05:00:00+00,,,18000,Y,Y,N,N,Active,35.43404,-81.43175
-8869891.3854,4300511.2938,62,SDTF-41-09,NCS-01090,2544 Alamance Church Road,Greensboro,Guilford,2013/08/02 03:59:59+00,2019/02/01 05:00:00+00,2024/02/01 05:00:00+00,,,12000,Y,Y,Y,N,Active,35.9992,-79.67959
-8669844.6945,4274370.4206,63,SDTF-98-10,NCS-01110,4624 West Langley Rd.,Elm City,Wilson,2008/04/28 03:59:59+00,2020/07/15 03:59:59+00,2025/07/15 03:59:59+00,,,3500,N,Y,N,N,Active,35.80899,-77.88254
-9328045.6741,4224058.6704,64,SDTF-38-04,NCS-01129, P.O. Box 68,Fontana Dam,Graham,2008/07/02 03:59:59+00,2019/07/31 03:59:59+00,2024/07/31 03:59:59+00,,,1200,N,N,Y,N,Active,35.44162,-83.79526
-9058110.3805,4288655.5256,65,SDTF-14-02,NCS-01142,P.O. Box 591,Lenoir,Caldwell,2010/12/22 05:00:00+00,2019/10/31 03:59:59+00,2024/10/31 03:59:59+00,,,13819,N,Y,N,N,Active,35.91299,-81.37039
-8447171.2039,4327854.6586,66,SLAS-27-18,NCS-01151,PO Box 2560,Kitty Hawk,Currituck,2011/01/07 05:00:00+00,2014/08/27 03:59:59+00,2019/04/01 03:59:59+00,11.2,1120000,,Y,Y,Y,Y,Active,36.19767,-75.88223
-8460069.7933,4351348.8199,67,SLAS-27-19,NCS-01151,PO Box 2560,Kitty Hawk,Currituck,2011/04/29 03:59:59+00,2012/06/28 03:59:59+00,2016/06/28 03:59:59+00,19.2,1920000,,Y,Y,Y,Y,Active,36.3678,-75.9981
-8459995.2092,4352499.0887,68,SLAS-27-20,NCS-01151,PO Box 2560,Kitty Hawk,Currituck,2010/12/30 05:00:00+00,2014/08/27 03:59:59+00,2019/04/01 03:59:59+00,22.1,2210000,,Y,Y,Y,Y,Active,36.37612,-75.99743
-8442562.5769,4322889.7779,69,SLAS-27-21,NCS-01151,PO Box 2560,Kitty Hawk,Currituck,2011/01/07 05:00:00+00,2016/02/26 05:00:00+00,2021/02/26 05:00:00+00,39.7,3970000,,Y,Y,Y,Y,Active,36.16167,-75.84083
-8442591.52,4322243.1322,70,SLAS-27-22,NCS-01151,PO Box 2560,Kitty Hawk,Currituck,2017/05/19 03:59:59+00,2017/05/19 03:59:59+00,2018/05/19 03:59:59+00,12.1,605000,,Y,Y,Y,Y,Active,36.15698,-75.84109
-8441244.5542,4316358.9169,71,SDTF-27-17,NCS-01151,PO Box 2560,Kitty Hawk,Currituck,2010/11/18 05:00:00+00,2017/04/17 03:59:59+00,2022/04/17 03:59:59+00,,,46000,Y,Y,Y,Y,Active,36.11429,-75.82899
-8460006.3411,4351557.5735,72,SDTF-27-19,NCS-01151,PO Box 2560,Kitty Hawk,Currituck,2010/11/18 05:00:00+00,2017/04/17 03:59:59+00,2022/04/14 03:59:59+00,,,88000,Y,Y,Y,Y,Active,36.36931,-75.99753
-8442805.2534,4322378.249,73,SDTF-27-22,NCS-01151,PO Box 2560,Kitty Hawk,Currituck,2016/05/05 03:59:59+00,2017/04/17 03:59:59+00,2022/04/17 03:59:59+00,,,284000,Y,Y,Y,Y,Active,36.15796,-75.84301
-8675008.8057,4064751.9534,74,SDTF-65-03,NCS-01153,PO Box 2151,Carolina Beach,New Hanover,2010/02/10 05:00:00+00,2015/01/12 05:00:00+00,2019/01/12 05:00:00+00,,,24000,Y,Y,N,N,Active,34.26731,-77.92893
-8791516.8979,4356069.5768,75,SDTF-73-01,NCS-01163,P.O. Box 1037,Roxboro,Person,2010/01/29 05:00:00+00,2016/03/31 03:59:59+00,2021/03/31 03:59:59+00,,,1500,N,N,Y,N,Active,36.40194,-78.97554
-9124123.9517,4266258.2283,76,SDTF-56-02,NCS-01164,608 Marina Drive,Nebo,McDowell,2010/07/29 03:59:59+00,2016/09/09 03:59:59+00,2021/09/09 03:59:59+00,,,1000,N,N,Y,N,Active,35.74987,-81.9634
-9308287.5777,4219510.9484,77,SDTF-38-01,NCS-01165,7230 Grassy Branch Road,Bryson City,Graham,2005/08/04 03:59:59+00,2019/12/09 05:00:00+00,2024/12/09 05:00:00+00,,,1000,N,N,Y,N,Active,35.40833,-83.61777
-9309555.5067,4218714.7098,78,SDTF-38-02,NCS-01165,7230 Grassy Branch Road,Bryson City,Graham,2005/08/04 03:59:59+00,2019/12/09 05:00:00+00,2024/12/09 05:00:00+00,,,1000,N,N,Y,N,Active,35.4025,-83.62916
-8761408.3152,4165396.4878,79,SDTF-26-04,NCS-01177,4800 Front Street,Stedman,Cumberland,2012/01/27 05:00:00+00,2014/10/23 03:59:59+00,2018/12/31 05:00:00+00,,,98600,Y,Y,N,Y,Active,35.01115,-78.70507
-8627306.1775,4141771.0864,80,SLAS-67-09,NCS-01182,5680 Richlands Hwy,Jacksonville,Onslow,1993/03/29 05:00:00+00,2019/08/20 03:59:59+00,2022/10/17 03:59:59+00,8.7,435000,,Y,Y,Y,N,Inactive,34.83714,-77.50041
-8630214.9558,4141589.3482,81,SLAS-67-10,NCS-01182,5680 Richlands Hwy,Jacksonville,Onslow,1995/12/21 05:00:00+00,2019/08/20 03:59:59+00,2024/08/13 03:59:59+00,9,450000,,Y,Y,Y,N,Inactive,34.8358,-77.52654
-8630218.2953,4141398.1194,82,SDTF-67-10,NCS-01182,5680 Richlands Hwy,Jacksonville,Onslow,2004/04/19 03:59:59+00,2019/03/22 03:59:59+00,2024/03/15 03:59:59+00,,,31500,Y,Y,Y,N,Active,34.83439,-77.52657
-9009292.331,4377431.5543,83,SLAS-03-04,NCS-01188,3572 Peppers Ferry Road,Wytheville,Alleghany,2010/08/31 03:59:59+00,2017/04/04 03:59:59+00,2022/04/04 03:59:59+00,32.1,1605000,,Y,Y,Y,N,Active,36.55624,-80.93185
-9009049.6545,4377466.2,84,SDTF-03-04,NCS-01188,3572 Peppers Ferry Road,Wytheville,Alleghany,2010/08/31 03:59:59+00,2017/04/04 03:59:59+00,2022/04/04 03:59:59+00,,,30000,Y,Y,Y,N,Active,36.55649,-80.92967
-9282818.7914,4181863.8625,85,SDTF-57-03,NCS-01194,252 Fox Ridge Circle,Franklin,Macon,2017/03/09 05:00:00+00,2018/08/10 03:59:59+00,2023/08/10 03:59:59+00,,,10500,Y,N,Y,N,Active,35.13222,-83.38898
-9126571.8673,4263816.9694,86,SDTF-56-03,NCS-01201,4510 Lake James Rd,Marion,McDowell,2011/03/02 05:00:00+00,2017/09/22 03:59:59+00,2022/09/22 03:59:59+00,,,2000,N,N,Y,N,Active,35.73207,-81.98539
-8660314.6329,4258304.2005,87,SLAS-98-11,NCS-01202,6049 US 301 N.,Elm City,Wilson,2012/06/27 03:59:59+00,2014/10/06 03:59:59+00,2018/06/08 03:59:59+00,23,1150000,,Y,Y,Y,N,Active,35.69186,-77.79693
-8660394.7829,4257973.8791,88,SDTF-98-11,NCS-01202,6049 US 301 N.,Elm City,Wilson,2012/06/08 03:59:59+00,2014/10/06 03:59:59+00,2018/06/08 03:59:59+00,,,153000,Y,Y,Y,N,Active,35.68945,-77.79765
-8766508.9743,4040254.7704,89,SLAS-24-10,NCS-01203,PO Box 563,Shallotte,Columbus,2016/11/10 05:00:00+00,2017/08/30 03:59:59+00,2018/08/01 03:59:59+00,13.8,690000,,Y,N,N,N,Active,34.08525,-78.75089
-8746446.9757,4272042.6251,90,SDTF-92-11,NCS-01216,3900 Commerce Park Drive,Raleigh,Wake,2012/09/24 03:59:59+00,2019/08/30 03:59:59+00,2023/12/31 05:00:00+00,,,40500,N,Y,N,N,Active,35.79203,-78.57067
-8673278.9008,4067440.903,91,SDTF-65-04,NCS-01221,2631 Blue Clay Rd.,Wilmington,New Hanover,2012/08/13 03:59:59+00,2014/09/23 03:59:59+00,2019/09/23 03:59:59+00,,,8000,Y,Y,N,N,Active,34.28727,-77.91339
-8688895.9121,4106786.6972,92,SLAS-71-08,NCS-01222,8155 Malpass Corner Rd.,Currie,Pender,2011/12/22 05:00:00+00,2014/03/05 05:00:00+00,2018/02/20 05:00:00+00,25.9,1295000,,Y,Y,Y,N,Active,34.57879,-78.05368
-8689865.5049,4093936.1699,93,SLAS-71-09,NCS-01222,8155 Malpass Corner Rd.,Currie,Pender,2012/10/16 03:59:59+00,2015/01/12 05:00:00+00,2019/10/16 03:59:59+00,4,200000,,Y,Y,Y,N,Inactive,34.48369,-78.06239
-8702860.9423,4095876.9965,94,SLAS-71-10,NCS-01222,8155 Malpass Corner Rd.,Currie,Pender,2012/10/17 03:59:59+00,2015/01/12 05:00:00+00,2019/10/16 03:59:59+00,12.1,605000,,Y,Y,Y,N,Inactive,34.49806,-78.17913
-8688895.9121,4242817.2397,95,SDTF-71-08,NCS-01222,8155 Malpass Corner Rd.,Currie,Pender,2011/12/22 05:00:00+00,2014/03/05 05:00:00+00,2019/03/03 05:00:00+00,,,24000,Y,Y,Y,N,Active,35.57879,-78.05368
-8688756.7628,4226644.1556,96,SDTF-96-12,NCS-01225,207 Western Wayne Dr.,Pikeville,Wayne,2012/10/12 03:59:59+00,2020/07/28 03:59:59+00,2025/07/28 03:59:59+00,,,20000,Y,Y,N,N,Active,35.46054,-78.05243
-9020876.2372,4185730.2402,97,SDTF-36-13,NCS-01236,220 Commodore Court,Belmont,Gaston,2012/09/26 03:59:59+00,2019/04/25 03:59:59+00,2024/04/25 03:59:59+00,,,1000,Y,N,N,N,Active,35.16062,-81.03591
-9206119.6622,4198613.3868,98,SDTF-88-02,NCS-01241,402 Old Leicester Hwy,Asheville,Transylvania,2015/06/19 03:59:59+00,2016/08/11 03:59:59+00,2021/08/11 03:59:59+00,,,3700,N,N,Y,N,Active,35.25518,-82.69998
-8742402.7386,4256771.9226,99,SDTF-92-10,NCS-01247,2300 US Hwy 70 E,Garner,Wake,2012/12/20 05:00:00+00,2020/09/15 03:59:59+00,2021/09/15 03:59:59+00,,,3000,N,N,Y,N,Active,35.68068,-78.53434
-9060718.5961,4221382.2676,100,SDTF-55-03,NCS-01249,3458 Zion Hill Road,Cherryville,Lincoln,2014/03/18 03:59:59+00,2020/04/30 03:59:59+00,2025/04/30 03:59:59+00,,,8000,Y,N,N,N,Active,35.42203,-81.39382
-8895846.6379,4288890.5624,101,SDTF-76-06,NCS-01253,7096 Beane Road,Archdale,Randolph,2013/06/07 03:59:59+00,2018/04/04 03:59:59+00,2023/04/04 03:59:59+00,,,2500,Y,N,N,N,Active,35.9147,-79.91275
-8666761.1446,4091147.7455,102,SLAS-71-11,NCS-01260,8155 Malpass Corner Rd.,Currie,Pender,2013/06/26 03:59:59+00,2015/01/12 05:00:00+00,2019/10/16 03:59:59+00,8.8,440000,,Y,Y,Y,N,Inactive,34.46304,-77.85484
-8527728.6666,4177050.4736,103,SDTF-69-03,NCS-01262,1242 Paradise Shores Rd.,Merritt,Pamlico,2013/06/25 03:59:59+00,2020/09/29 03:59:59+00,2025/09/29 03:59:59+00,,,1200,N,N,Y,N,Active,35.09685,-76.60589
-8602477.4782,4199235.0348,104,SLAS-25-12,NCS-01263,117 Davis Rd.,Cove City,Craven,2014/06/19 03:59:59+00,2016/05/04 03:59:59+00,2020/05/04 03:59:59+00,11.7,585000,,Y,N,N,N,Active,35.25974,-77.27737
-9004828.4194,4234614.8845,105,SDTF-49-06,NCS-01270,827 Langtree Road,Mooresville,Iredell,2013/09/27 03:59:59+00,2020/01/30 05:00:00+00,2024/07/06 03:59:59+00,,,300,Y,N,N,N,Active,35.51884,-80.89175
-9232698.3038,4179190.8604,106,SDTF-88-01,NCS-01297,"5775 Glenridge Drive, Suite E-",Atlanta,Transylvania,2014/10/07 03:59:59+00,2018/03/22 03:59:59+00,2023/03/22 03:59:59+00,,,3000,Y,N,N,N,Active,35.11258,-82.93874
-8778347.8022,4120453.2879,107,SLAS-78-21,NCS-01307,2337 Smith Mill Road,Lumberton,Robeson,2017/05/04 03:59:59+00,2018/07/05 03:59:59+00,2023/07/05 03:59:59+00,2.9,145000,,Y,N,N,N,Active,34.67981,-78.85724
-8778301.048,4120468.1784,108,SDTF-78-21,NCS-01307,2337 Smith Mill Road,Lumberton,Robeson,2016/10/28 03:59:59+00,2017/12/20 05:00:00+00,2022/12/20 05:00:00+00,,,25000,Y,N,N,N,Active,34.67992,-78.85682
-9184454.6629,4199495.4284,109,SDTF-45-02,NCS-01312,P.O. Box 160,Hendersonville,Henderson,2016/06/14 03:59:59+00,2017/09/22 03:59:59+00,2022/09/22 03:59:59+00,,,4000,Y,N,N,N,Active,35.26165,-82.50536
-8725192.7453,4300443.8715,110,SLAS-35-10,NCS-01317,186 EF Cottrell Road,Louisburg,Franklin,2017/08/03 03:59:59+00,2020/03/30 03:59:59+00,2021/07/01 03:59:59+00,15.2,760000,,Y,Y,N,N,Active,35.99871,-78.37974
-8725465.4781,4299724.2672,111,SDTF-35-10,NCS-01317,186 EF Cotttrell Road,Louisburg,Franklin,2017/08/03 03:59:59+00,2020/03/30 03:59:59+00,2021/07/01 03:59:59+00,,,4500,Y,Y,N,N,Active,35.99348,-78.38219
-8776344.0513,4158392.2999,112,SDTF-26-05,NCS-01330,2990 Ervin Alston Road,Fayetteville,Cumberland,2015/09/22 03:59:59+00,2019/08/15 03:59:59+00,2020/01/31 05:00:00+00,,,50000,N,Y,N,Y,Active,34.9596,-78.83924
-9003813.1856,4201550.1633,113,SDTF-60-09,NCS-01331,4826 Worth Place,Charlotte,Mecklenburg,2016/09/30 03:59:59+00,2018/04/04 03:59:59+00,2021/09/30 03:59:59+00,,,91500,N,Y,N,N,Active,35.27672,-80.88263
-8754530.9971,4266990.7124,114,SDTF-92-12,NCS-01356,201 Walker Street,Raleigh,Wake,2017/06/12 03:59:59+00,2018/12/19 05:00:00+00,2021/05/01 03:59:59+00,,,123000,N,Y,N,N,Active,35.75521,-78.64329
-8931187.2366,4307573.6978,115,SDTF-34-06,NCS-01372,750 Palmer Lane,Winston Salem,Forsyth,2016/09/30 03:59:59+00,2017/12/20 05:00:00+00,2022/06/30 03:59:59+00,,,95000,N,Y,N,N,Active,36.05051,-80.23022
-9035661.6919,4213003.4195,116,SLAS-36-15,NCS-01373,351 Colt Thornburg Road,Dallas,Gaston,2019/07/31 03:59:59+00,2019/07/31 03:59:59+00,2020/07/31 03:59:59+00,21.3,4217400,,Y,Y,,,Active,35.36067,-81.16873
-9027646.6886,4214559.6335,117,SDTF-36-16,NCS-01373,P.O. Box 184,Stanley,Gaston,2018/09/21 03:59:59+00,2019/03/28 03:59:59+00,2024/03/28 03:59:59+00,,,52000,Y,Y,N,N,Active,35.37207,-81.09673
-9035726.2572,4213118.0804,118,SDTF-36-15,NCS-01373,351 Colt Thornburg Road,Dallas,Gaston,2018/09/07 03:59:59+00,2019/12/09 05:00:00+00,2020/12/31 05:00:00+00,,,201000,Y,Y,N,N,Active,35.36151,-81.16931
-8711096.3582,4290654.1882,119,SLAS-35-12,NCS-01374,351 Colt Thornburg Road,Dallas,Franklin,2019/05/30 03:59:59+00,2020/08/27 03:59:59+00,2024/01/01 05:00:00+00,11.4,2020400,,Y,Y,Y,N,Active,35.92753,-78.25311
-8781628.3876,4298481.9269,120,SDTF-32-03,NCS-01374,1404 Angier Avenue,Durham,Durham,2017/03/09 05:00:00+00,2020/09/15 03:59:59+00,2021/07/31 03:59:59+00,,,44500,N,Y,N,N,Active,35.98445,-78.88671
-8711128.6408,4290526.3397,121,SDTF-35-12,NCS-01374,351 Colt Thornburg Road,Dallas,Franklin,2019/05/30 03:59:59+00,2020/08/27 03:59:59+00,2024/01/01 05:00:00+00,,,112000,Y,Y,Y,Y,Active,35.9266,-78.2534
-8798554.5161,4123977.482,122,SLAS-78-22,NCS-01376,P.O. Box 390,Lumberton,Robeson,2017/08/18 03:59:59+00,2020/10/30 03:59:59+00,2024/06/28 03:59:59+00,25.8,5108400,,Y,Y,Y,N,Active,34.70584,-79.03876
-8798443.1966,4124046.5418,123,SDTF-78-22,NCS-01376,P.O. Box 390,Lumberton,Robeson,2017/07/14 03:59:59+00,2020/09/15 03:59:59+00,2023/08/24 03:59:59+00,,,142000,Y,Y,Y,Y,Active,34.70635,-79.03776
-8442381.1262,4321941.1937,124,SLAS-27-23,NCS-01377,5150 Woods Road,Kitty Hawk,Currituck,2017/06/23 03:59:59+00,2017/06/23 03:59:59+00,2018/06/23 03:59:59+00,20,1000000,,Y,Y,Y,N,Active,36.15479,-75.8392
-8442554.7846,4321534.4861,125,SDTF-27-23,NCS-01377,5150 Woods Road,Kitty Hawk,Currituck,2017/06/23 03:59:59+00,2017/06/23 03:59:59+00,2018/06/23 03:59:59+00,,,20000,Y,Y,Y,N,Active,36.15184,-75.84076
-9038635.0355,4199834.9037,126,SDTF-36-14,NCS-01378,P.O. Box 22033,Savannah,Gaston,2018/08/15 03:59:59+00,2019/08/30 03:59:59+00,2021/08/15 03:59:59+00,,,1550,-,,Y,,Active,35.26414,-81.19544
-8751407.3722,4222177.3331,127,SDTF-43-07,NCS-01387,2858 Bailey Road,Coats,Harnett,2018/08/03 03:59:59+00,2018/10/31 03:59:59+00,2023/10/31 03:59:59+00,,,5000,Y,N,N,Y,Active,35.42785,-78.61523
-8630686.9504,4139477.8758,128,SDTF-67-17,NCS-01401,1716 Catherine Lake Road,Jacksonville,Onslow,2017/07/07 03:59:59+00,2017/07/07 03:59:59+00,2018/07/07 03:59:59+00,,,22000,Y,N,N,N,Active,34.82023,-77.53078
-8712999.9215,4289535.2218,129,SLAS-35-11,NCS-01434,1836 Ferrells Bridge Road,Louisburg,Franklin,2019/02/26 05:00:00+00,2020/03/30 03:59:59+00,2021/01/01 05:00:00+00,6.2,310000,,Y,Y,Y,,Active,35.91939,-78.27021
-8713043.3361,4289357.9023,130,SDTF-35-11,NCS-01434,1836 Ferrells Bridge Road,Louisburg,Franklin,2019/02/26 05:00:00+00,2020/03/30 03:59:59+00,2021/01/01 05:00:00+00,,,15500,Y,Y,Y,Y,Active,35.9181,-78.2706
-8442990.0438,4321863.987,131,SLAS-27-24,NCS-01441,3908 Poor Ridge Road,Kitty Hawk,Currituck,2019/11/01 03:59:59+00,2019/11/01 03:59:59+00,2020/11/01 03:59:59+00,3.5,175000,,Y,N,Y,N,Active,36.15423,-75.84467
-8442949.9688,4321728.8766,132,SDTF-27-24,NCS-01441,3908 Poor Ridge Road,Kitty Hawk,Currituck,2019/11/01 03:59:59+00,2019/11/01 03:59:59+00,2020/11/01 03:59:59+00,,,38000,Y,N,Y,N,Active,36.15325,-75.84431
-8678774.744,4200468.8915,133,SLAS-96-12,NCS-01442,5431 Hwy 117 South Alt.,Mt. Olive,Wayne,2020/04/07 03:59:59+00,2020/04/07 03:59:59+00,2021/04/07 03:59:59+00,8.1,405000,,Y,Y,N,N,Active,35.26879,-77.96276
-8682164.4225,4179880.8252,134,SLAS-31-17,NCS-01442,5431 Hwy 117 South Alt.,Mt. Olive,Duplin,2020/04/07 03:59:59+00,2020/04/07 03:59:59+00,2020/12/31 05:00:00+00,9.9,495000,,Y,Y,N,N,Active,35.11765,-77.99321
-8679019.6469,4200504.3414,135,SDTF-96-14,NCS-01442,5431 Hwy 117 S. Alt.,Mt. Olive,Wayne,2020/04/07 03:59:59+00,2020/04/07 03:59:59+00,2021/04/07 03:59:59+00,,,6000,Y,Y,N,N,Active,35.26905,-77.96496
-8682473.8907,4182223.2154,136,SDTF-31-17,NCS-01442,5431 Hwy 117 South Alt.,Mt Olive,Duplin,2020/04/07 03:59:59+00,2020/04/07 03:59:59+00,2021/04/07 03:59:59+00,,,58000,Y,Y,N,N,Active,35.13486,-77.99599
-8999742.2318,4209298.0575,137,SDTF-60-10,NCS-01444,5600 Lakeview Road,Charlotte,Mecklenburg,2018/09/07 03:59:59+00,2020/10/30 03:59:59+00,2021/08/31 03:59:59+00,,,95500,Y,Y,,Y,Active,35.33352,-80.84606
-8721102.8672,4027984.3172,138,SDTF-10-21,NCS-01454,113 NE 71st Street,Oak Island,Brunswick,2019/02/21 05:00:00+00,2020/09/29 03:59:59+00,2021/12/15 05:00:00+00,,,1500,N,N,Y,N,Active,33.99391,-78.343
-8794744.05,4305609.0866,139,SDTF-68-01,NCS-01488,10817 Ashland Mill Court,Raleigh,Orange,2019/09/24 03:59:59+00,2019/09/24 03:59:59+00,2020/09/24 03:59:59+00,,,1500,Y,N,Y,N,Active,36.03624,-79.00453
-9034412.6873,4220910.993,140,SDTF-55-05,NCS-01498,2702 Devine Road,Iron Station,Lincoln,2019/10/25 03:59:59+00,2021/01/21 05:00:00+00,2026/01/21 05:00:00+00,,,21000,Y,Y,N,N,Active,35.41858,-81.15751
-9112905.1734,4264168.0382,141,SDTF-12-09,NCS-01513,5786 Benfield Landing Road,Nebo,Burke,2019/12/18 05:00:00+00,2021/02/23 05:00:00+00,2026/02/23 05:00:00+00,,,1500,Y,N,Y,N,Active,35.73463,-81.86262
-8903087.9708,4150218.3958,142,SLAS-04-09,NCS-01514,2323 Diggs Road,Wadesboro,Anson,2019/12/18 05:00:00+00,2019/12/18 05:00:00+00,2024/12/18 05:00:00+00,6.5,325000,,Y,Y,N,N,Active,34.8994,-79.9778
-8903577.7765,4151046.3756,143,SDTF-04-09,NCS-01514,2323 Diggs Road,Wadesboro,Anson,2019/12/18 05:00:00+00,2019/12/18 05:00:00+00,2022/12/20 05:00:00+00,,,60000,Y,Y,N,N,Active,34.9055,-79.9822
-8427209.3928,4192074.5684,144,SDTF-28-03,NCS-01524,8550 Shipyard Road,Manns Harbour,Dare,2020/06/25 03:59:59+00,2020/06/25 03:59:59+00,2021/06/25 03:59:59+00,,,1500,N,N,Y,N,Active,35.2072,-75.70291
-8595271.7676,4195869.5558,145,SDTF-25-11,NCS-01544,81 Daughtry Road,Smithfield,Craven,2020/08/06 03:59:59+00,2020/08/06 03:59:59+00,2021/08/06 03:59:59+00,,,1260,Y,N,N,N,Active,35.23505,-77.21264
-8970142.3792,4256118.2343,146,SLAS-80-04,NCS-00007,1882 Briggs Road,Salisbury,Rowan,2019/12/18 05:00:00+00,2019/12/18 05:00:00+00,2020/12/18 05:00:00+00,6.4,320000,,Y,Y,Y,,Active,35.67591,-80.58016
-8970173.5487,4256160.716,147,SDTF-80-04,NCS-00007,1882 Briggs Road,Salisbury,Rowan,2019/12/18 05:00:00+00,2019/12/18 05:00:00+00,2020/12/18 05:00:00+00,,,95000,Y,Y,Y,Y,Active,35.67622,-80.58044
-8960616.7704,4265752.1022,148,SLAS-80-02,NCS-00008,7351 Old Mocksville Rd,Salisbury,Rowan,1990/09/25 03:59:59+00,2016/01/16 05:00:00+00,2021/01/16 05:00:00+00,18.9,945000,,Y,Y,Y,N,Active,35.74618,-80.49459
-8960995.2567,4265731.5285,149,SDTF-80-01,NCS-00008,7351 Old Mocksville Rd,Salisbury,Rowan,1996/02/26 05:00:00+00,2016/01/16 05:00:00+00,2021/01/16 05:00:00+00,,,50000,Y,Y,Y,N,Active,35.74603,-80.49799
-9018402.7181,4254820.5663,150,SLAS-18-01,NCS-00016,8151 Webbs Rd,Denver,Catawba,1994/06/09 03:59:59+00,2016/01/16 05:00:00+00,2021/01/16 05:00:00+00,65.66,3283000,,Y,Y,Y,N,Active,35.66644,-81.01369
-9015874.6524,4234967.7537,151,SDTF-55-20,NCS-00016,8151 Webbs Rd,Denver,Lincoln,1996/08/27 03:59:59+00,2021/01/29 05:00:00+00,2026/01/29 05:00:00+00,,,108000,Y,Y,Y,N,Active,35.52142,-80.99098
-8618339.3925,4103540.9252,152,SLAS-67-12,NCS-00022,PO Box 1005,Sneads Ferry,Onslow,2002/06/03 03:59:59+00,2016/04/12 03:59:59+00,2019/12/31 05:00:00+00,11.8,590000,,Y,Y,Y,Y,Active,34.55478,-77.41986
-8618381.6939,4103467.9365,153,SDTF-67-12,NCS-00022,PO Box 1005,Sneads Ferry,Onslow,2003/08/18 03:59:59+00,2018/05/02 03:59:59+00,2023/05/02 03:59:59+00,,,41700,Y,Y,Y,Y,Active,34.55424,-77.42024
-8706904.0662,4029498.9376,154,SLAS-10-13,NCS-00033,2166 Big Neck Road NW,Ash,Brunswick,1993/06/25 03:59:59+00,2020/06/04 03:59:59+00,2021/05/11 03:59:59+00,18.9,945000,,Y,N,N,N,Inactive,34.00519,-78.21545
-8707047.6683,4029661.4221,155,SDTF-10-13,NCS-00033,2166 Big Neck Road NW,Ash,Brunswick,1996/06/25 03:59:59+00,2020/06/04 03:59:59+00,2021/05/11 03:59:59+00,,,10000,Y,N,N,N,Active,34.0064,-78.21674
-8743937.8344,4035873.8276,156,SDTF-10-12,NCS-00034,3785 Ash Little River Rd NW,Ash,Brunswick,1996/02/22 05:00:00+00,2020/07/28 03:59:59+00,2025/07/28 03:59:59+00,,,14000,Y,N,N,N,Active,34.05265,-78.54813
-8635177.5787,4144642.6711,157,SLAS-67-11,NCS-00038,1142 Gould Rd,Jacksonville,Onslow,2001/01/24 05:00:00+00,2016/02/26 05:00:00+00,2018/02/26 05:00:00+00,19.4,970000,,Y,Y,N,N,Active,34.85831,-77.57112
-8635137.5036,4144454.1032,158,SDTF-67-11,NCS-00038,1142 Gould Road,Jacksonville,Onslow,2001/05/16 03:59:59+00,2020/09/29 03:59:59+00,2025/09/29 03:59:59+00,,,60000,Y,Y,N,N,Active,34.85692,-77.57076
-8553774.0878,4131938.4161,159,SLAS-16-02,NCS-00049,5970 Hwy 70,Newport,Carteret,1991/08/07 03:59:59+00,2019/05/09 03:59:59+00,2024/05/09 03:59:59+00,18.6,930000,,Y,Y,N,N,Active,34.76461,-76.83986
-8563409.9029,4137952.4938,160,SLAS-16-08,NCS-00049,5970 Hwy 70,Newport,Carteret,2001/09/07 03:59:59+00,2019/05/09 03:59:59+00,2024/05/09 03:59:59+00,10.1,505000,,Y,Y,N,N,Active,34.80898,-76.92642
-8563288.5647,4137795.2218,161,SDTF-16-11,NCS-00049,5970 Hwy 70,Newport,Carteret,2008/07/15 03:59:59+00,2019/05/09 03:59:59+00,2024/05/09 03:59:59+00,,,7800,Y,Y,N,N,Active,34.80782,-76.92533
-8939528.4061,4325017.5016,162,SDTF-34-01,NCS-00052,4900 Murry Rd,Winston-Salem,Forsyth,1997/06/26 03:59:59+00,2017/12/20 05:00:00+00,2022/12/20 05:00:00+00,,,3000,Y,Y,N,N,Active,36.1771,-80.30515
-8725220.5752,4185670.3283,163,SLAS-82-19,NCS-00076,P.O. Box 1889,Clinton,Sampson,2003/06/10 03:59:59+00,2016/03/17 03:59:59+00,2019/03/16 03:59:59+00,7,147000,,Y,Y,Y,N,Active,35.16018,-78.37999
-8723209.032,4159262.9977,164,SDTF-82-04,NCS-00076,260 Beulah Rd,Clinton,Sampson,1996/03/18 05:00:00+00,2015/04/28 03:59:59+00,2018/11/07 05:00:00+00,,,18500,Y,Y,Y,N,Active,34.96601,-78.36192
-8691259.2249,4245126.4985,165,SLAS-98-07,NCS-00077,8973 Kirby Road,Kenly,Wilson,1998/08/25 03:59:59+00,2017/09/20 03:59:59+00,2022/09/20 03:59:59+00,29.4,1470000,,Y,Y,N,N,Active,35.59566,-78.07491
-8691442.9021,4244978.6476,166,SDTF-98-07,NCS-00077,PO Box 460,Lucama,Wilson,1998/08/25 03:59:59+00,2020/09/29 03:59:59+00,2025/09/29 03:59:59+00,,,10000,Y,Y,N,N,Active,35.59458,-78.07656
-8691585.391,4245210.0078,167,SDTF-98-09,NCS-00077,8973 Kirby Rd,Kenly,Wilson,2005/12/16 05:00:00+00,2020/09/29 03:59:59+00,2025/09/29 03:59:59+00,,,30000,Y,Y,N,N,Active,35.59627,-78.07784
-8735585.533,4289863.7515,168,SLAS-92-03,NCS-00084,5008 Rogers Rd,Rolesville,Wake,1991/08/22 03:59:59+00,2018/11/19 05:00:00+00,2023/11/19 05:00:00+00,12.8,640000,,Y,N,N,N,Inactive,35.92178,-78.4731
-8735456.4024,4289885.7455,169,SDTF-92-03,NCS-00084,5008 Rogers Rd,Rolesville,Wake,1996/02/22 05:00:00+00,2016/10/28 03:59:59+00,2021/10/28 03:59:59+00,,,34700,Y,Y,N,N,Active,35.92194,-78.47194
-8762169.7406,4223550.3907,170,SLAS-43-04,NCS-00086,1061 White Memorial Church Rd,Willow Springs,Harnett,1992/09/10 03:59:59+00,2018/09/21 03:59:59+00,2023/09/21 03:59:59+00,11,550000,,Y,N,N,N,Inactive,35.4379,-78.71191
-8762169.7406,4223550.3907,171,SDTF-43-04,NCS-00086,1061 White Memorial Ch Rd,Willow Springs,Harnett,1997/11/21 05:00:00+00,2018/03/08 05:00:00+00,2023/03/08 05:00:00+00,,,100000,Y,N,N,N,Active,35.4379,-78.71191
-8748803.6093,4248492.0162,172,SLAS-92-07,NCS-00093,7132 Hidden Valley Trail,Garner,Wake,1990/05/21 03:59:59+00,2020/10/30 03:59:59+00,2025/10/30 03:59:59+00,13.5,675000,,Y,Y,N,N,Active,35.62024,-78.59184
-8748683.3843,4248333.1646,173,SDTF-92-07,NCS-00093,7132 Hidden Valley Trail,Garner,Wake,1996/07/22 03:59:59+00,2018/05/02 03:59:59+00,2023/05/02 03:59:59+00,,,40000,Y,Y,N,N,Active,35.61908,-78.59076
-9192154.6321,4243034.8669,174,SDTF-11-01,NCS-00096,20 Brownwood Ave,Asheville,Buncombe,1996/03/08 05:00:00+00,2016/05/24 03:59:59+00,2021/05/24 03:59:59+00,,,23800,Y,Y,N,N,Active,35.58038,-82.57453
-8838684.0794,4161871.4237,175,SLAS-83-03,NCS-00100,31149 Hill Creek Road,Wagram,Scotland,2010/03/16 03:59:59+00,2020/05/22 03:59:59+00,2024/01/01 05:00:00+00,19.6,490000,,Y,Y,N,N,Active,34.98521,-79.39925
-8838949.0198,4161890.4458,176,SDTF-83-03,NCS-00100,31149 Hill Creek Road,Wagram,Scotland,2011/03/26 03:59:59+00,2020/08/27 03:59:59+00,2025/04/02 03:59:59+00,,,18000,Y,Y,N,N,Active,34.98535,-79.40163
-9031525.0597,4284410.6173,177,SLAS-02-04,NCS-00104,128 Taylorsville Mfg. Road,Taylorsville,Alexander,1990/11/19 05:00:00+00,2017/09/22 03:59:59+00,2022/09/22 03:59:59+00,4.1,205000,,Y,Y,N,N,Active,35.8821,-81.13157
-9031608.5493,4284464.2008,178,SDTF-02-04,NCS-00104,128 Taylorsville Mfg. Rd.,Taylorsville,Alexander,1996/02/22 05:00:00+00,2019/03/28 03:59:59+00,2024/02/24 05:00:00+00,,,5000,Y,Y,N,N,Active,35.88249,-81.13232
-8488203.5682,4350295.4365,179,SLAS-70-01,NCS-00106,1731 N Rd St,Elizabeth City,Pasquotank,1992/03/13 05:00:00+00,2012/04/26 03:59:59+00,2017/04/23 03:59:59+00,6,300000,,Y,Y,Y,N,Active,36.36018,-76.25083
-8488684.4684,4350259.4961,180,SDTF-70-01,NCS-00106,1731 N Road Street,Elizabeth City,Pasquotank,1996/05/25 03:59:59+00,2016/03/10 05:00:00+00,2021/03/10 05:00:00+00,,,10000,Y,Y,Y,N,Active,36.35992,-76.25515
-8582101.5586,4271827.1644,181,SLAS-59-02,NCS-00107,1150 Eli Bowen,Williamston,Martin,1991/02/28 05:00:00+00,2016/08/05 03:59:59+00,2021/08/05 03:59:59+00,36.4,3154000,,Y,Y,Y,Y,Active,35.79046,-77.09433
-8583234.7911,4280230.5407,182,SLAS-59-05,NCS-00107,1150 Eli Bowen Road,Williamston,Martin,2005/09/06 03:59:59+00,2017/02/21 05:00:00+00,2021/08/05 03:59:59+00,18.4,1840000,,Y,Y,Y,Y,Active,35.85167,-77.10451
-8582199.5198,4271776.3877,183,SDTF-59-02,NCS-00107,1150 Eli Bowen Rd.,Williamston,Martin,1996/02/22 05:00:00+00,2016/10/07 03:59:59+00,2021/10/07 03:59:59+00,,,136000,Y,Y,Y,Y,Active,35.79009,-77.09521
-8583098.9813,4280073.9735,184,SDTF-59-05,NCS-00107,1150 Eli Bowen Rd,Williamston,Martin,2005/11/28 05:00:00+00,2016/08/05 03:59:59+00,2021/08/05 03:59:59+00,,,82000,Y,Y,Y,Y,Active,35.85053,-77.10329
-8661184.0381,4253579.2245,185,SLAS-98-01,NCS-00115,6522 Speight School Rd,Wilson,Wilson,1992/09/10 03:59:59+00,2016/02/26 05:00:00+00,2017/02/26 05:00:00+00,13.1,655000,,Y,Y,N,N,Active,35.65738,-77.80474
-8660493.8573,4253443.5897,186,SDTF-98-01,NCS-00115,6522 Speight School Rd,Wilson,Wilson,1997/08/28 03:59:59+00,2016/02/11 05:00:00+00,2021/02/11 05:00:00+00,,,10000,Y,Y,Y,N,Active,35.65639,-77.79854
-8661112.7936,4253669.6486,187,SDTF-98-02,NCS-00115,6522 Speight School Rd.,Wilson,Wilson,2009/02/03 05:00:00+00,2016/02/11 05:00:00+00,2020/06/01 03:59:59+00,,,20000,Y,N,N,N,Active,35.65804,-77.8041
-8725103.6897,4054419.7153,188,SLAS-24-08,NCS-00121,3920 River Rd,Wilmington,Columbus,2011/09/12 03:59:59+00,2015/05/04 03:59:59+00,2020/05/04 03:59:59+00,39.1,1267500,,Y,Y,Y,N,Inactive,34.19057,-78.37894
-8676617.3723,4050836.4625,189,SDTF-65-01,NCS-00121,3920 River Rd,Wilmington,New Hanover,1996/03/08 05:00:00+00,2013/06/11 03:59:59+00,2018/06/11 03:59:59+00,,,119000,Y,Y,Y,N,Active,34.16394,-77.94338
-8629927.7515,4133963.079,190,SDTF-67-01,NCS-00121,3920 River Rd,Wilmington,Onslow,1997/06/25 03:59:59+00,2017/08/30 03:59:59+00,2022/08/30 03:59:59+00,,,500,Y,Y,Y,Y,Active,34.77955,-77.52396
-9089070.5572,4259733.8807,191,SDTF-12-06,NCS-00143,2416 Mt. Home Church Road,Morganton,Burke,2006/05/08 03:59:59+00,2016/06/29 03:59:59+00,2021/03/01 05:00:00+00,,,10000,Y,N,N,N,Active,35.70229,-81.64851
-8999587.4978,4298157.2634,192,SLAS-49-02,NCS-00147,418 Lentz Rd,Statesville,Iredell,1993/07/22 03:59:59+00,2020/03/30 03:59:59+00,2023/12/16 05:00:00+00,45,2250000,,Y,Y,N,N,Active,35.98209,-80.84467
-8999440.556,4298150.3851,193,SDTF-49-02,NCS-00147,418 Lentz Rd,Statesville,Iredell,1996/02/22 05:00:00+00,2017/06/30 03:59:59+00,2022/03/01 05:00:00+00,,,90000,Y,Y,N,N,Active,35.98204,-80.84335
-8777945.9388,4095161.1342,194,SLAS-09-07,NCS-00153,PO Box 782,Bladenboro,Bladen,1993/07/22 03:59:59+00,2017/06/22 03:59:59+00,2021/06/08 03:59:59+00,8.2,410000,,Y,Y,Y,N,Active,34.49276,-78.85363
-8771972.5349,4104715.5674,195,SDTF-09-07,NCS-00153,PO Box 782,Bladenboro,Bladen,1999/10/19 03:59:59+00,2019/04/03 03:59:59+00,2024/04/03 03:59:59+00,,,48000,Y,Y,Y,N,Active,34.56347,-78.79997
-8877267.4149,4317650.1653,196,SDTF-41-06,NCS-00168,2316 Joe Brown Road,Greensboro,Guilford,2007/06/01 03:59:59+00,2019/02/26 05:00:00+00,2023/06/01 03:59:59+00,,,1450,N,N,Y,N,Active,36.12366,-79.74585
-8624459.7381,4269702.9776,197,SDTF-74-03,NCS-00185,PO Box 1643,Greenville,Pitt,1996/09/18 03:59:59+00,2011/05/12 03:59:59+00,2015/05/12 03:59:59+00,,,20000,Y,Y,N,N,Active,35.77498,-77.47484
-8560536.7469,4137419.6761,198,SLAS-16-03,NCS-00207,123 Pete Rd,Newport,Carteret,2005/04/26 03:59:59+00,2018/07/05 03:59:59+00,2021/08/28 03:59:59+00,7.5,375000,,Y,Y,N,N,Active,34.80505,-76.90061
-8565788.8005,4135065.0074,199,SLAS-16-05,NCS-00207,123 Pete Rd,Newport,Carteret,1993/04/30 03:59:59+00,2020/07/22 03:59:59+00,2023/07/15 03:59:59+00,4.9,245000,,Y,Y,N,N,Active,34.78768,-76.94779
-8565729.8011,4135059.5856,200,SDTF-16-05,NCS-00207,123 Pete Rd,Newport,Carteret,1996/02/22 05:00:00+00,2015/10/15 03:59:59+00,2020/12/20 05:00:00+00,,,25000,Y,Y,N,N,Active,34.78764,-76.94726
-8460090.944,4351795.364,201,SLAS-27-11,NCS-00210,110 Enterprise Dr,Elizabeth City,Currituck,2008/05/30 03:59:59+00,2016/03/17 03:59:59+00,2020/05/28 03:59:59+00,7.4,740000,,Y,Y,Y,Y,Active,36.37103,-75.99829
-8460165.528,4351921.1739,202,SDTF-27-11,NCS-00210,110 Enterprise Drive,Elizabeth City,Currituck,2009/04/13 03:59:59+00,2019/05/15 03:59:59+00,2023/12/01 05:00:00+00,,,11000,Y,Y,Y,Y,Active,36.37194,-75.99896
-8482488.4255,4336515.5632,203,SDTF-70-02,NCS-00210,110 Enterprise Dr,Elizabeth City,Pasquotank,2007/05/01 03:59:59+00,2019/05/15 03:59:59+00,2023/04/01 03:59:59+00,,,12000,Y,Y,Y,N,Active,36.26043,-76.19949
-9281558.6547,4177372.9339,204,SLAS-57-04,NCS-00220,1687 Georgia Road,Franklin,Macon,2017/04/26 03:59:59+00,2018/10/31 03:59:59+00,2021/09/02 03:59:59+00,17.7,885000,,Y,Y,Y,N,Active,35.09922,-83.37766
-9283379.8416,4184590.6077,205,SDTF-57-01,NCS-00220,1687 Georgia Highway,Franklin,Macon,1996/03/08 05:00:00+00,2020/08/27 03:59:59+00,2025/08/27 03:59:59+00,,,102700,Y,Y,Y,N,Active,35.15225,-83.39402
-9283577.9903,4185486.5097,206,SDTF-57-02,NCS-00221,25 Summer Hill Drive,Franklin,Macon,2013/05/08 03:59:59+00,2019/07/31 03:59:59+00,2024/06/26 03:59:59+00,,,4000,Y,N,Y,N,Active,35.15883,-83.3958
-8466756.7551,4347073.7185,207,SLAS-15-04,NCS-00242,1828 Mount Pleasant Rd.,Chesapeake,Camden,2011/11/08 05:00:00+00,2013/05/07 03:59:59+00,2017/01/01 05:00:00+00,16.9,1690000,,Y,Y,N,Y,Active,36.33687,-76.05817
-8461395.6084,4360106.1267,208,SDTF-27-20,NCS-00242,3178 Caratoke Hwy,Currituck,Currituck,2010/11/18 05:00:00+00,2012/03/15 03:59:59+00,2017/02/21 05:00:00+00,,,20000,Y,Y,N,N,Active,36.43112,-76.01001
-8631748.9383,4240182.7873,209,SLAS-74-06,NCS-00246,PO Box 233,Farmville,Pitt,1992/11/05 05:00:00+00,2017/02/16 05:00:00+00,2022/02/16 05:00:00+00,6.5,325000,,Y,N,N,N,Active,35.55954,-77.54032
-8641212.2083,4262783.0276,210,SLAS-33-05,NCS-00246,PO Box 233,Farmville,Edgecombe,2003/08/04 03:59:59+00,2017/02/16 05:00:00+00,2022/02/16 05:00:00+00,5.6,280000,,Y,N,N,N,Active,35.72453,-77.62533
-8632219.8198,4240175.9454,211,SDTF-74-06,NCS-00246,PO Box 233,Farmville,Pitt,1998/01/09 05:00:00+00,2017/02/16 05:00:00+00,2022/02/16 05:00:00+00,,,20000,Y,N,N,N,Active,35.55949,-77.54455
-8614986.4494,4253003.8158,212,SDTF-74-16,NCS-00250,4000 Bach Circle,Greenville,Pitt,2004/05/26 03:59:59+00,2016/08/31 03:59:59+00,2021/08/31 03:59:59+00,,,6000,Y,Y,Y,Y,Active,35.65318,-77.38974
-8689974.598,4152181.215,213,SLAS-31-13,NCS-00256,205 West Road,Turkey,Duplin,2003/11/14 05:00:00+00,2019/05/03 03:59:59+00,2021/03/30 03:59:59+00,12,600000,,Y,Y,Y,N,Active,34.91386,-78.06337
-8697958.4319,4164678.8822,214,SDTF-31-07,NCS-00256,205 West Road,Turkey,Duplin,1996/04/29 03:59:59+00,2018/11/30 05:00:00+00,2023/11/30 05:00:00+00,,,5000,Y,Y,Y,N,Active,35.00587,-78.13509
-8659512.0194,4148215.2106,215,SLAS-31-11,NCS-00259,297 Durwood Evans Rd,Beulaville,Duplin,2000/03/21 05:00:00+00,2019/11/05 05:00:00+00,2022/01/01 05:00:00+00,4,200000,,Y,N,N,N,Active,34.88464,-77.78972
-8659565.4527,4148108.0042,216,SDTF-31-11,NCS-00259,297 Durwood Evans Rd,Beulaville,Duplin,2000/07/12 03:59:59+00,2019/05/17 03:59:59+00,2024/05/17 03:59:59+00,,,5000,Y,N,N,N,Active,34.88385,-77.7902
-8618160.1681,4252405.1489,217,SDTF-74-14,NCS-00261,309 Family Lane,Greenville,Pitt,2001/12/19 05:00:00+00,2014/09/23 03:59:59+00,2019/09/23 03:59:59+00,,,6000,Y,Y,N,N,Active,35.64881,-77.41825
-8729844.7868,4159363.5194,218,SLAS-82-14,NCS-00271,1366 Bass Lake Rd,Roseboro,Sampson,1996/02/22 05:00:00+00,2017/02/16 05:00:00+00,2022/02/16 05:00:00+00,12.9,645000,,Y,Y,Y,N,Active,34.96675,-78.42153
-8729751.2785,4159397.4797,219,SDTF-82-14,NCS-00271,1366 Bass Lake Rd,Roseboro,Sampson,2000/10/10 03:59:59+00,2015/10/15 03:59:59+00,2020/10/15 03:59:59+00,,,36000,Y,Y,Y,N,Active,34.967,-78.42069
-8721569.2959,4173607.3992,220,SLAS-82-18,NCS-00273,221 Beulah Rd,Clinton,Sampson,1999/12/29 05:00:00+00,2017/09/20 03:59:59+00,2021/01/01 05:00:00+00,5.7,96900,,Y,Y,N,N,Active,35.07154,-78.34719
-8721475.7875,4160228.8592,221,SDTF-82-20,NCS-00273,221 Beulah Road,Clinton,Sampson,1996/05/28 03:59:59+00,2015/07/30 03:59:59+00,2020/07/30 03:59:59+00,,,50000,Y,Y,N,N,Active,34.97312,-78.34635
-8800075.1404,4154371.1301,222,SLAS-78-23,NCS-00280,P.O. Box 64067,Fayetteville,Robeson,2017/11/07 05:00:00+00,2020/12/07 05:00:00+00,2025/12/07 05:00:00+00,28.4,1420000,,Y,Y,N,N,Active,34.92999,-79.05242
-8800283.3078,4154415.9376,223,SDTF-78-23,NCS-00280,P.O. Box 64067,Fayetteville,Robeson,2018/11/19 05:00:00+00,2019/12/09 05:00:00+00,2024/12/09 05:00:00+00,,,18000,Y,Y,,,Active,34.93032,-79.05429
-8766602.4827,4048677.3686,224,SLAS-24-09,NCS-00282,714 Mollie Ironhill Rd.,Clarendon,Columbus,2017/08/08 03:59:59+00,2020/08/21 03:59:59+00,2025/08/21 03:59:59+00,9.6,220800,,Y,Y,N,N,Active,34.14789,-78.75173
-8766726.0473,4048486.3658,225,SDTF-24-09,NCS-00282,714 Mollie Ironhill Rd.,Clarendon,Columbus,2017/08/08 03:59:59+00,2020/08/21 03:59:59+00,2025/08/21 03:59:59+00,,,14000,Y,Y,N,N,Active,34.14647,-78.75284
-9041370.1554,4269827.8376,226,SDTF-18-05,NCS-00291,1347 Houston Mill Road,Conover,Catawba,2010/12/22 05:00:00+00,2019/06/25 03:59:59+00,2024/04/17 03:59:59+00,,,10000,Y,Y,N,N,Active,35.77589,-81.22001
-8698820.0447,4030855.2844,227,SLAS-10-21,NCS-00298,PO Box 8,Boliva,Brunswick,2014/06/26 03:59:59+00,2015/12/16 05:00:00+00,2020/12/16 05:00:00+00,3.3,165000,,Y,Y,Y,N,Active,34.01529,-78.14283
-8698706.4989,4030864.6854,228,SDTF-10-18,NCS-00298,PO Box 8,Bolivia,Brunswick,1997/06/26 03:59:59+00,2015/12/16 05:00:00+00,2020/12/16 05:00:00+00,,,27000,Y,Y,Y,N,Active,34.01536,-78.14181
-8687050.235,4141984.0222,229,SDTF-31-08,NCS-00301,469 Yellow Cut Rd,Rose Hill,Duplin,1998/12/17 05:00:00+00,2018/11/30 05:00:00+00,2023/11/30 05:00:00+00,,,5000,N,Y,N,N,Active,34.83871,-78.0371
-8752666.4246,4233331.0437,230,SDTF-51-03,NCS-00304,448 Wiggins Road,Angier,Johnston,2010/01/21 05:00:00+00,2021/01/29 05:00:00+00,2025/01/01 05:00:00+00,,,4000,Y,N,Y,N,Active,35.50945251,-78.62654026
-9088689.8446,4339999.2738,231,SDTF-95-01,NCS-00305,1372 NC Hwy 194 N,Boone,Watauga,2002/08/15 03:59:59+00,2018/01/13 05:00:00+00,2023/01/13 05:00:00+00,,,39100,Y,Y,Y,N,Active,36.28566,-81.64509
-9089958.8868,4342604.1625,232,SDTF-95-02,NCS-00305,1372 NC Hwy 194 N,Boone,Watauga,2011/07/06 03:59:59+00,2017/09/22 03:59:59+00,2021/05/12 03:59:59+00,,,2000,Y,N,Y,N,Active,36.30452,-81.65649
-8610906.5901,4212240.4089,233,SLAS-74-08,NCS-00314,PO Box 65,Grifton,Pitt,2007/10/19 03:59:59+00,2012/03/15 03:59:59+00,2017/03/15 03:59:59+00,15.7,785000,,Y,Y,Y,Y,Active,35.35508,-77.35309
-8611652.4307,4215614.9809,234,SLAS-74-13,NCS-00314,PO Box 65,Grifton,Pitt,2001/08/07 03:59:59+00,2014/02/11 05:00:00+00,2018/12/21 05:00:00+00,17.7,885000,,Y,Y,Y,Y,Active,35.3798,-77.35979
-8610345.5399,4215168.528,235,SLAS-74-15,NCS-00314,PO Box 65,Grifton,Pitt,2002/11/21 05:00:00+00,2014/02/10 05:00:00+00,2017/12/21 05:00:00+00,8.8,440000,,Y,Y,Y,Y,Active,35.37653,-77.34805
-8610697.3094,4214902.3032,236,SLAS-74-17,NCS-00314,PO Box 65,Grifton,Pitt,2007/03/30 03:59:59+00,2014/02/11 05:00:00+00,2018/03/30 03:59:59+00,3.5,175000,,Y,Y,Y,Y,Active,35.37458,-77.35121
-8611657.9966,4215481.1797,237,SDTF-74-13,NCS-00314,PO Box 65,Grifton,Pitt,2001/08/07 03:59:59+00,2014/10/24 03:59:59+00,2017/12/12 05:00:00+00,,,36000,Y,Y,Y,Y,Active,35.37882,-77.35984
-8857733.0706,4249408.1966,238,SLAS-76-05,NCS-00319,7748 Lanes Mill Rd,Bennet,Randolph,1990/09/04 03:59:59+00,2018/12/19 05:00:00+00,2021/03/31 03:59:59+00,6.88,344000,,Y,Y,Y,N,Active,35.62693,-79.57037
-8857932.3325,4249767.0206,239,SDTF-76-05,NCS-00319,7748 Lanes Mill Road,Bennett,Randolph,2004/06/04 03:59:59+00,2016/03/31 03:59:59+00,2021/03/31 03:59:59+00,,,43000,Y,Y,Y,N,Active,35.62955,-79.57216
-9028424.8118,4301819.9208,240,SLAS-02-05,NCS-00320,80 West Main Ave,Taylorsville,Alexander,2000/09/06 03:59:59+00,2017/09/22 03:59:59+00,2022/02/08 05:00:00+00,5.3,265000,,Y,Y,Y,N,Active,36.00871,-81.10372
-9034645.345,4291822.765,241,SDTF-02-05,NCS-00320,80 W Main Ave,Taylorsville,Alexander,1999/11/24 05:00:00+00,2020/03/30 03:59:59+00,2024/10/28 03:59:59+00,,,15000,Y,Y,Y,N,Active,35.93603,-81.1596
-8654001.7046,4355342.1077,242,SLAS-42-05,NCS-00334,5795 Hwy 903,Roanoke Rapids,Halifax,1991/02/28 05:00:00+00,2015/12/16 05:00:00+00,2020/01/01 05:00:00+00,10.8,540000,,Y,Y,N,N,Active,36.39668,-77.74022
-8653930.4601,4355452.7462,243,SDTF-42-05,NCS-00334,5795 Highway 903,Roanoke Rapids,Halifax,1996/02/26 05:00:00+00,2019/05/15 03:59:59+00,2024/05/24 03:59:59+00,,,6500,Y,Y,N,N,Active,36.39748,-77.73958
-8648764.1225,4356910.5149,244,SLAS-42-04,NCS-00336,PO BOX 395,Roanoke Rapids,Halifax,1991/09/03 03:59:59+00,2017/10/05 03:59:59+00,2020/12/01 05:00:00+00,4.6,230000,,Y,N,N,N,Active,36.40802,-77.69317
-8648721.8211,4356851.0385,245,SDTF-42-04,NCS-00336,PO Box 395,Roanoke Rapids,Halifax,1996/05/28 03:59:59+00,2017/10/05 03:59:59+00,2020/12/01 05:00:00+00,,,24000,Y,N,N,N,Active,36.40759,-77.69279
-9184722.9429,4217872.098,246,SDTF-45-01,NCS-00340,11 Cureton Place,Hendersonville,Henderson,1996/05/28 03:59:59+00,2019/06/25 03:59:59+00,2024/06/25 03:59:59+00,,,3000,Y,N,N,N,Active,35.39633,-82.50777
-8729027.7018,4317067.224,247,SLAS-35-01,NCS-00347,431 South Cheatham Street,Franklinton,Franklin,1991/10/28 05:00:00+00,2019/10/31 03:59:59+00,2024/10/31 03:59:59+00,13.7,685000,,Y,N,N,N,Active,36.11943,-78.41419
-8728851.817,4179961.1198,248,SDTF-35-01,NCS-00347,431 South Cheatham Street,Franklinton,Franklin,1996/03/25 05:00:00+00,2019/10/31 03:59:59+00,2024/10/31 03:59:59+00,,,1500,Y,N,N,N,Active,35.11824,-78.41261
-8641035.2103,4193506.5632,249,SDTF-54-01,NCS-00388,2852 Hwy 252 South,Kinston,Lenoir,1996/05/28 03:59:59+00,2015/12/30 05:00:00+00,2020/12/30 05:00:00+00,,,18000,Y,N,N,N,Active,35.21771,-77.62374
-8662149.1781,4216473.8052,250,SLAS-96-05,NCS-00393,798 Parkstown Rd,LaGrange,Wayne,1999/01/08 05:00:00+00,2018/09/27 03:59:59+00,2019/07/01 03:59:59+00,11.5,434600,,Y,Y,Y,N,Active,35.38609,-77.81341
-8663430.4654,4215604.0583,251,SDTF-96-01,NCS-00393,798 Parkstown Road,La Grange,Wayne,1996/05/28 03:59:59+00,2020/09/29 03:59:59+00,2023/12/26 05:00:00+00,,,34000,Y,Y,Y,N,Active,35.37972,-77.82492
-8661829.6911,4216674.5258,252,SDTF-96-13,NCS-00393,798 Parkstown Road,LaGrange,Wayne,2018/09/11 03:59:59+00,2018/09/11 03:59:59+00,2019/07/01 03:59:59+00,,,8000,Y,Y,Y,N,Active,35.38756,-77.81054
-8832760.7693,4140673.9209,253,SLAS-78-20,NCS-00394,P.O. Box 645,Wagram,Robeson,2016/01/08 05:00:00+00,2017/07/14 03:59:59+00,2022/07/14 03:59:59+00,22,1100000,,Y,Y,N,N,Active,34.82905,-79.34604
-8835244.3071,4137642.0193,254,SLAS-83-04,NCS-00394,P.O. Box 645,Wagram,Scotland,2015/07/30 03:59:59+00,2017/07/07 03:59:59+00,2022/07/07 03:59:59+00,5.6,280000,,Y,Y,N,N,Active,34.80669,-79.36835
-8835252.0995,4137734.2117,255,SDTF-83-04,NCS-00394,P.O. Box 645,Wagram,Scotland,2015/07/30 03:59:59+00,2017/07/07 03:59:59+00,2022/07/07 03:59:59+00,,,3000,Y,Y,N,N,Active,34.80737,-79.36842
-8865072.3647,4337753.9949,256,SLAS-79-02,NCS-00397,149 Penn Rd,Reidsville,Rockingham,1990/10/16 03:59:59+00,2019/07/31 03:59:59+00,2024/07/31 03:59:59+00,30.17,1508500,,Y,Y,N,N,Active,36.2694,-79.6363
-8864668.2749,4340525.4492,257,SLAS-79-06,NCS-00397,149 Penn Road,Reidsville,Rockingham,2012/01/24 05:00:00+00,2018/05/02 03:59:59+00,2021/04/09 03:59:59+00,10.5,525000,,Y,Y,N,N,Active,36.28947,-79.63267
-8864984.4223,4337711.1927,258,SDTF-79-02,NCS-00397,149 Penn Road,Reidsville,Rockingham,2003/10/17 03:59:59+00,2020/01/30 05:00:00+00,2025/01/30 05:00:00+00,,,20000,Y,Y,N,N,Active,36.26909,-79.63551
-8907703.2769,4356610.3699,259,SLAS-79-04,NCS-00404,191 Percy Lane,Mayodan,Rockingham,1990/07/13 03:59:59+00,2018/03/08 05:00:00+00,2023/03/08 05:00:00+00,11.4,570000,,Y,Y,N,N,Active,36.40585,-80.01926
-8904865.743,4363630.7025,260,SLAS-79-05,NCS-00404,191 Percy Lane,Mayodan,Rockingham,2010/10/13 03:59:59+00,2017/09/22 03:59:59+00,2022/09/22 03:59:59+00,6.9,345000,,Y,Y,N,N,Active,36.45659,-79.99377
-8907763.3894,4356808.1604,261,SDTF-79-04,NCS-00404,191 Percy Lane,Mayodan,Rockingham,1996/03/25 05:00:00+00,2020/01/30 05:00:00+00,2025/01/30 05:00:00+00,,,10000,Y,Y,N,N,Active,36.40728,-80.0198
-8869164.4691,4312550.838,262,SDTF-41-20,NCS-00410,5301 Burlington Rd,McLeansville,Guilford,1996/08/27 03:59:59+00,2017/04/26 03:59:59+00,2022/04/26 03:59:59+00,,,30000,Y,Y,N,N,Active,36.08665,-79.67306
-8824775.8222,4154449.8827,263,SLAS-47-02,NCS-00421,2517 North Duffie Road,Red Springs,Hoke,2003/01/17 05:00:00+00,2019/07/31 03:59:59+00,2024/01/01 05:00:00+00,20.9,1045000,,Y,Y,Y,N,Active,34.93057,-79.27431
-8824695.6722,4154214.9843,264,SDTF-47-02,NCS-00421,2517 North Duffie Road,Red Springs,Hoke,2003/02/14 05:00:00+00,2019/07/31 03:59:59+00,2024/01/01 05:00:00+00,,,7500,Y,Y,Y,N,Active,34.92884,-79.27359
-8933051.8381,4367884.706,265,SLAS-85-06,NCS-00457,2984 NC 8 Hwy. N,Danbury,Stokes,1990/09/25 03:59:59+00,2017/09/22 03:59:59+00,2022/01/02 05:00:00+00,3.6,180000,,Y,N,N,N,Active,36.48732,-80.24697
-8932965.0089,4368077.1659,266,SDTF-85-06,NCS-00457,2984 NC 8 Hwy N,Danbury,Stokes,1996/03/18 05:00:00+00,2017/09/22 03:59:59+00,2022/01/01 05:00:00+00,,,10000,Y,N,N,N,Active,36.48871,-80.24619
-8970125.6813,4365734.6523,267,SDTF-86-11,NCS-00465,1401 W Pine St,Mt Airy,Surry,1999/02/12 05:00:00+00,2016/03/31 03:59:59+00,2021/03/31 03:59:59+00,,,20000,Y,N,N,N,Active,36.47179,-80.58001
-8653492.9745,4286812.5179,268,SLAS-33-06,NCS-00470,PO Box 236,Sharpsburg,Edgecombe,2005/11/01 05:00:00+00,2019/03/08 05:00:00+00,2021/07/13 03:59:59+00,7,350000,,Y,Y,Y,N,Active,35.89958,-77.73565
-8653408.3717,4286988.4217,269,SDTF-33-06,NCS-00470,PO Box 236,Sharpsburg,Edgecombe,2005/11/01 05:00:00+00,2019/02/21 05:00:00+00,2021/10/11 03:59:59+00,,,38000,Y,Y,Y,N,Active,35.90086,-77.73489
-8874203.9025,4329282.4842,270,SDTF-41-07,NCS-00525,3801 Autumn Forest Drive,Browns Summit,Guilford,2007/07/11 03:59:59+00,2018/10/31 03:59:59+00,2023/07/09 03:59:59+00,,,36900,Y,Y,N,N,Active,36.20802,-79.71833
-9082911.2498,4201060.6463,271,SLAS-23-10,NCS-00574,707 Poplar Springs Church Rd,Shelby,Cleveland,1996/09/18 03:59:59+00,2018/10/31 03:59:59+00,2022/10/01 03:59:59+00,12.9,645000,,Y,Y,Y,N,Active,35.27313,-81.59318
-9083151.6999,4200973.381,272,SDTF-23-10,NCS-00574,707 Poplar Springs Ch Rd,Shelby,Cleveland,1996/09/18 03:59:59+00,2017/01/24 05:00:00+00,2021/11/14 05:00:00+00,,,43000,Y,Y,Y,N,Active,35.27249,-81.59534
-9082670.7997,4216505.2102,273,SLAS-23-06,NCS-00576,3020 Ramseur Church Rd,Shelby,Cleveland,1992/06/05 03:59:59+00,2018/03/08 05:00:00+00,2022/10/01 03:59:59+00,12.8,640000,,Y,N,N,N,Active,35.38632,-81.59102
-9082832.213,4216574.8477,274,SDTF-23-06,NCS-00576,3020 Ramseur Church Rd,Shelby,Cleveland,1997/10/07 03:59:59+00,2018/03/08 05:00:00+00,2022/10/01 03:59:59+00,,,10000,Y,N,N,N,Active,35.38683,-81.59247
-9067510.1983,4191394.7422,275,SLAS-23-11,NCS-00608,5030 Harmon Rd,Kings Mountain,Cleveland,1996/09/26 03:59:59+00,2019/04/25 03:59:59+00,2023/12/03 05:00:00+00,2,100000,,Y,N,N,N,Active,35.20221,-81.45483
-9065604.4086,4196812.7135,276,SDTF-23-20,NCS-00608,5030 Harmon Rd,Kings Mountain,Cleveland,1996/09/26 03:59:59+00,2015/12/16 05:00:00+00,2020/12/10 05:00:00+00,,,16000,Y,N,N,N,Active,35.24197,-81.43771
-8605259.3523,4279876.2077,277,SLAS-59-03,NCS-00611,PO Box 106,Robersonville,Martin,1991/10/04 03:59:59+00,2020/07/15 03:59:59+00,2025/07/15 03:59:59+00,7.7,295000,,Y,Y,Y,N,Active,35.84909,-77.30236
-8605323.9176,4279983.3304,278,SDTF-59-03,NCS-00611,PO Box 106,Robersonville,Martin,1996/02/22 05:00:00+00,2020/07/15 03:59:59+00,2025/07/15 03:59:59+00,,,24000,Y,Y,Y,N,Active,35.84987,-77.30294
-8796215.6936,4249560.2161,279,SLAS-19-02,NCS-00636,P.O. Box 1127,Fuquay Varina,Chatham,1994/08/12 03:59:59+00,2019/10/31 03:59:59+00,2024/10/31 03:59:59+00,91,2275000,,N,Y,N,N,Active,35.62804,-79.01775
-8795723.6615,4250017.6566,280,SDTF-19-02,NCS-00636,P.O. Box 1127,Fuquay Varina,Chatham,1996/06/25 03:59:59+00,2020/01/30 05:00:00+00,2025/01/30 05:00:00+00,,,86000,N,Y,N,N,Active,35.63138,-79.01333
-8594230.9304,4125762.3412,281,SLAS-67-03,NCS-00645,178 West Hilltop Drive,Newport,Onslow,1991/10/04 03:59:59+00,2018/07/05 03:59:59+00,2022/08/25 03:59:59+00,4.9,245000,,Y,N,N,N,Active,34.71902,-77.20329
-8576250.6062,4123158.2754,282,SDTF-16-06,NCS-00645,325 Barrington Ridge,Newport,Carteret,1997/07/11 03:59:59+00,2015/12/30 05:00:00+00,2020/12/30 05:00:00+00,,,12000,Y,N,N,N,Active,34.69979,-77.04177
-8776060.1866,4121296.6649,283,SLAS-78-19,NCS-00691,2161 Evergreen Church Road,Pembroke,Robeson,2005/01/03 05:00:00+00,2016/03/31 03:59:59+00,2021/03/31 03:59:59+00,14.7,735000,,Y,Y,Y,N,Active,34.68604,-78.83669
-8776007.8665,4121222.2069,284,SDTF-78-19,NCS-00691,2161 Evergreen Church Road,Pembroke,Robeson,2005/01/03 05:00:00+00,2016/03/31 03:59:59+00,2021/03/31 03:59:59+00,,,20000,Y,Y,Y,N,Active,34.68549,-78.83622
-9100990.6483,4202511.5342,285,SLAS-81-05,NCS-00703,1356 Racepath Church Road,Mooresboro,Rutherford,1996/07/31 03:59:59+00,2017/04/26 03:59:59+00,2022/04/26 03:59:59+00,24.1,1205000,,Y,Y,Y,N,Active,35.28377,-81.75559
-9100947.2337,4202832.0098,286,SDTF-81-05,NCS-00703,1356 Racepath Church Road,Mooresboro,Rutherford,1998/03/17 05:00:00+00,2017/04/26 03:59:59+00,2022/04/26 03:59:59+00,,,32000,Y,Y,Y,N,Active,35.28612,-81.7552
-8596153.418,4139228.3768,287,SLAS-67-05,NCS-00727,2032 Belgrade - Swansboro Rd,Maysville,Onslow,1997/07/11 03:59:59+00,2020/04/07 03:59:59+00,2021/01/01 05:00:00+00,70.2,2305000,,Y,Y,Y,N,Active,34.81839,-77.22056
-8596127.8145,4139267.6997,288,SDTF-67-05,NCS-00727,2032 Belgrade Swansboro Rd,Mayesville,Onslow,1997/07/11 03:59:59+00,2019/03/08 05:00:00+00,2022/10/02 03:59:59+00,,,9000,Y,Y,Y,N,Active,34.81868,-77.22033
-8596203.5117,4139464.3159,289,SDTF-67-14,NCS-00727,2032 Belgrade Swansboro Rd,Maysville,Onslow,2005/07/12 03:59:59+00,2019/03/08 05:00:00+00,2022/10/02 03:59:59+00,,,28400,Y,Y,Y,N,Active,34.82013,-77.22101
-8758477.2731,4043244.4552,290,SLAS-24-06,NCS-00735,P.O. Box 684,Tabor City,Columbus,2006/05/08 03:59:59+00,2018/11/19 05:00:00+00,2023/11/19 05:00:00+00,10.3,515000,,Y,Y,Y,N,Active,34.10749,-78.67874
-8758576.3474,4043257.8998,291,SDTF-24-06,NCS-00735,P.O. Box 684,Tabor City,Columbus,2006/05/08 03:59:59+00,2018/11/19 05:00:00+00,2023/11/19 05:00:00+00,,,22000,Y,Y,Y,N,Active,34.10759,-78.67963
